<?xml version="1.0" encoding="UTF-8"?>
<project-private xmlns="http://www.netbeans.org/ns/project-private/1">
    <editor-bookmarks xmlns="http://www.netbeans.org/ns/editor-bookmarks/2" lastBookmarkId="0"/>
    <open-files xmlns="http://www.netbeans.org/ns/projectui-open-files/2">
        <group>
            <file>file:/D:/Universitas%20Mulia/Tugas/Semester%202/Pemrograman%20Java/Project%20D'Futsal/java_hendi_futsal-main/src/futsal/tanda_selesai.java</file>
            <file>file:/D:/Universitas%20Mulia/Tugas/Semester%202/Pemrograman%20Java/Project%20D'Futsal/java_hendi_futsal-main/src/futsal/test.java</file>
            <file>file:/D:/Universitas%20Mulia/Tugas/Semester%202/Pemrograman%20Java/Project%20D'Futsal/java_hendi_futsal-main/src/futsal/splash_screen.java</file>
            <file>file:/D:/Universitas%20Mulia/Tugas/Semester%202/Pemrograman%20Java/Project%20D'Futsal/java_hendi_futsal-main/src/futsal/resi.java</file>
            <file>file:/D:/Universitas%20Mulia/Tugas/Semester%202/Pemrograman%20Java/Project%20D'Futsal/java_hendi_futsal-main/src/futsal/futsal.java</file>
            <file>file:/D:/Universitas%20Mulia/Tugas/Semester%202/Pemrograman%20Java/Project%20D'Futsal/java_hendi_futsal-main/src/futsal/home.java</file>
            <file>file:/D:/Universitas%20Mulia/Tugas/Semester%202/Pemrograman%20Java/Project%20D'Futsal/java_hendi_futsal-main/src/futsal/login.java</file>
        </group>
    </open-files>
</project-private>
